entity,aggregated_entities,paragraph,paper,section,uid,semantic_type,taxonomy,definition,paper_frequency,entity_type
acute respiratory distress syndrome,['ards'],"['15269', '200229', '7077', '14091', '219506', '13098', '7101']","['15269', '200229', '7077', '14091', '219506', '13098', '7101']","['15269', '200229', '7077', '14091', '219506', '13098', '7101']",http://purl.obolibrary.org/obo/NCIT_C3353,Disease or Syndrome,"[('http://purl.obolibrary.org/obo/NCIT_C28193', 'Syndrome'), ('http://purl.obolibrary.org/obo/NCIT_C2991', 'Disease or Disorder'), ('http://purl.obolibrary.org/obo/NCIT_C7057', 'Disease, Disorder or Finding'), ('http://www.w3.org/2002/07/owl#Thing', '')]","Progressive and life-threatening pulmonary distress in the absence of an underlying pulmonary condition, usually following major trauma or surgery. Cases of neonatal respiratory distress syndrome are not included in this definition.",7,DISEASE
angiotensin-converting enzyme 2,"['ace2', 'ace2']","['14091', '200229', '219506']","['14091', '200229', '219506']","['14091', '200229', '219506']",http://purl.obolibrary.org/obo/NCIT_C102530,"Amino Acid, Peptide, or Protein","[('http://purl.obolibrary.org/obo/NCIT_C16843', 'Metallopeptidase'), ('http://purl.obolibrary.org/obo/NCIT_C16965', 'Peptidase'), ('http://purl.obolibrary.org/obo/NCIT_C16701', 'Hydrolase'), ('http://purl.obolibrary.org/obo/NCIT_C16554', 'Enzyme'), ('http://purl.obolibrary.org/obo/NCIT_C20027', 'Protein, Organized by Function'), ('http://purl.obolibrary.org/obo/NCIT_C17021', 'Protein'), ('http://purl.obolibrary.org/obo/NCIT_C26548', 'Gene Product'), ('http://www.w3.org/2002/07/owl#Thing', '')]","Angiotensin-converting enzyme 2 (805 aa, ~92 kDa) is encoded by the human ACE2 gene. This protein plays a role in both vasodilation and protein cleavage.",3,PROTEIN
animal,"['animal', 'animals']","['15269', '200229', '22312', '22196', '7077', '14091', '7032', '21876', '13098', '7101', '21878']","['15269', '200229', '22312', '22196', '7077', '14091', '7032', '21876', '13098', '7101', '21878']","['15269', '200229', '22312', '22196', '7077', '14091', '7032', '21876', '13098', '7101', '21878']",http://purl.obolibrary.org/obo/NCIT_C14182,Animal,"[('http://purl.obolibrary.org/obo/NCIT_C25796', 'Eukaryota'), ('http://purl.obolibrary.org/obo/NCIT_C14250', 'Organism'), ('http://www.w3.org/2002/07/owl#Thing', '')]","A living organism that has membranous cell walls, requires oxygen and organic foods, and is capable of voluntary movement, as distinguished from a plant or mineral.",11,ORGANISM
bacteria,['bacteria'],"['200229', '22312', '163081', '22196', '169284', '14091', '21876', '13098', '7101', '21878']","['200229', '22312', '163081', '22196', '169284', '14091', '21876', '13098', '7101', '21878']","['200229', '22312', '163081', '22196', '169284', '14091', '21876', '13098', '7101', '21878']",http://purl.obolibrary.org/obo/NCIT_C14187,Bacterium,"[('http://purl.obolibrary.org/obo/NCIT_C14250', 'Organism'), ('http://www.w3.org/2002/07/owl#Thing', '')]","Unicellular, prokaryotic organisms that reproduce by cell division and usually have cell walls; can be shaped like spheres, rods or spirals and can be found in virtually any environment.",10,ORGANISM
bacterial count,['bacterial'],"['15269', '22312', '22196', '7077', '14091', '7032', '219506', '21876', '13098', '7101', '21878']","['15269', '22312', '22196', '7077', '14091', '7032', '219506', '21876', '13098', '7101', '21878']","['15269', '22312', '22196', '7077', '14091', '7032', '219506', '21876', '13098', '7101', '21878']",http://purl.obolibrary.org/obo/NCIT_C64469,Laboratory Procedure,"[('http://purl.obolibrary.org/obo/NCIT_C51953', 'Microbial Colony Count'), ('http://purl.obolibrary.org/obo/NCIT_C49188', 'Microbiology Test'), ('http://purl.obolibrary.org/obo/NCIT_C74944', 'Clinical Pathology Procedure'), ('http://purl.obolibrary.org/obo/NCIT_C25294', 'Laboratory Procedure'), ('http://purl.obolibrary.org/obo/NCIT_C25218', 'Intervention or Procedure'), ('http://purl.obolibrary.org/obo/NCIT_C16203', 'Clinical or Research Activity'), ('http://purl.obolibrary.org/obo/NCIT_C43431', 'Activity'), ('http://www.w3.org/2002/07/owl#Thing', '')]","The quantitative determination of bacterial populations. The two most widely used methods for determining bacterial numbers are: 1) the standard, or viable, plate count method and 2) spectrophotometric (turbidimetric) analysis.",11,ORGANISM
blood,['blood'],"['15269', '200229', '22312', '22196', '7077', '169284', '14091', '7032', '219506', '21876', '13098', '7101', '21878']","['15269', '200229', '22312', '22196', '7077', '169284', '14091', '7032', '219506', '21876', '13098', '7101', '21878']","['15269', '200229', '22312', '22196', '7077', '169284', '14091', '7032', '219506', '21876', '13098', '7101', '21878']",http://purl.obolibrary.org/obo/NCIT_C12434,Body Substance,"[('http://purl.obolibrary.org/obo/NCIT_C13236', 'Body Fluid or Substance'), ('http://purl.obolibrary.org/obo/NCIT_C12219', 'Anatomic Structure, System, or Substance'), ('http://www.w3.org/2002/07/owl#Thing', '')]","A liquid tissue; its major function is to transport oxygen throughout the body. It also supplies the tissues with nutrients, removes waste products, and contains various components of the immune system defending the body against infection. Several hormones also travel in the blood.",13,ORGAN
brain,['brain'],"['15269', '22312', '22196', '7077', '14091', '7032', '21876', '13098', '7101', '21878']","['15269', '22312', '22196', '7077', '14091', '7032', '21876', '13098', '7101', '21878']","['15269', '22312', '22196', '7077', '14091', '7032', '21876', '13098', '7101', '21878']",http://purl.obolibrary.org/obo/NCIT_C12439,"Body Part, Organ, or Organ Component","[('http://purl.obolibrary.org/obo/NCIT_C13018', 'Organ'), ('http://purl.obolibrary.org/obo/NCIT_C12219', 'Anatomic Structure, System, or Substance'), ('http://www.w3.org/2002/07/owl#Thing', ''), ('http://purl.obolibrary.org/obo/NCIT_C33966', 'Central Nervous System Part'), ('http://purl.obolibrary.org/obo/NCIT_C13040', 'Nervous System Part'), ('http://purl.obolibrary.org/obo/NCIT_C32221', 'Body Part')]",An organ composed of grey and white matter containing billions of neurons that is the center for intelligence and reasoning. It is protected by the bony cranium.,10,CELL_COMPARTMENT
c-reactive protein,"['c-reactive protein', 'c-reactive protein', 'crp', 'crp']","['200229', '22312', '22196', '7077', '14091', '7032', '219506', '21876', '13098', '7101', '21878']","['200229', '22312', '22196', '7077', '14091', '7032', '219506', '21876', '13098', '7101', '21878']","['200229', '22312', '22196', '7077', '14091', '7032', '219506', '21876', '13098', '7101', '21878']",http://purl.obolibrary.org/obo/NCIT_C60651,Immunologic Factor,"[('http://purl.obolibrary.org/obo/NCIT_C16725', 'Immunoprotein'), ('http://purl.obolibrary.org/obo/NCIT_C20027', 'Protein, Organized by Function'), ('http://purl.obolibrary.org/obo/NCIT_C17021', 'Protein'), ('http://purl.obolibrary.org/obo/NCIT_C26548', 'Gene Product'), ('http://www.w3.org/2002/07/owl#Thing', '')]","C-reactive protein (224 aa, ~25 kDa) is encoded by the human CRP gene. This protein is cleaved during biological activation and is associated with host defense mechanisms and inflammatory responses.",11,PROTEIN
cardiovascular,['cardiovascular'],"['200229', '163081', '208496', '22196', '7077', '14091', '7032', '219506', '21876', '13098', '7101', '21878']","['200229', '163081', '208496', '22196', '7077', '14091', '7032', '219506', '21876', '13098', '7101', '21878']","['200229', '163081', '208496', '22196', '7077', '14091', '7032', '219506', '21876', '13098', '7101', '21878']",http://purl.obolibrary.org/obo/NCIT_C25292,Body System,"[('http://purl.obolibrary.org/obo/NCIT_C13442', 'Anatomy Qualifier'), ('http://purl.obolibrary.org/obo/NCIT_C41009', 'Qualifier'), ('http://purl.obolibrary.org/obo/NCIT_C20189', 'Property or Attribute'), ('http://www.w3.org/2002/07/owl#Thing', '')]",Pertaining to the heart or blood vessels.,12,ORGAN
cardiovascular disorder,['cardiovascular disease'],"['200229', '22196', '208496', '7077', '14091', '7032', '219506', '21876', '7101', '21878']","['200229', '22196', '208496', '7077', '14091', '7032', '219506', '21876', '7101', '21878']","['200229', '22196', '208496', '7077', '14091', '7032', '219506', '21876', '7101', '21878']",http://purl.obolibrary.org/obo/NCIT_C2931,Disease or Syndrome,"[('http://purl.obolibrary.org/obo/NCIT_C27551', 'Disorder by Site'), ('http://purl.obolibrary.org/obo/NCIT_C2991', 'Disease or Disorder'), ('http://purl.obolibrary.org/obo/NCIT_C7057', 'Disease, Disorder or Finding'), ('http://www.w3.org/2002/07/owl#Thing', '')]","A non-neoplastic or neoplastic disorder affecting the heart or the vessels (arteries, veins and lymph vessels). Representative examples of non-neoplastic cardiovascular disorders are endocarditis and hypertension. Representative examples of neoplastic cardiovascular disorders are endocardial myxoma and angiosarcoma.",10,DISEASE
copd,['copd'],"['22312', '22196', '7077', '7032', '21876', '13098', '7101']","['22312', '22196', '7077', '7032', '21876', '13098', '7101']","['22312', '22196', '7077', '7032', '21876', '13098', '7101']",,,,,7,DISEASE
covid-19,"['covid-19', 'covid-19', 'covid-19']","['200229', '163081', '208496', '219506', '29587']","['200229', '163081', '208496', '219506', '29587']","['200229', '163081', '208496', '219506', '29587']",http://purl.obolibrary.org/obo/NCIT_C171133,Disease or Syndrome,"[('http://purl.obolibrary.org/obo/NCIT_C3439', 'Viral Infection'), ('http://purl.obolibrary.org/obo/NCIT_C26726', 'Infectious Disorder'), ('http://purl.obolibrary.org/obo/NCIT_C93210', 'Inflammatory Disorder'), ('http://purl.obolibrary.org/obo/NCIT_C53547', 'Non-Neoplastic Disorder by Special Category'), ('http://purl.obolibrary.org/obo/NCIT_C53529', 'Non-Neoplastic Disorder'), ('http://purl.obolibrary.org/obo/NCIT_C2991', 'Disease or Disorder'), ('http://purl.obolibrary.org/obo/NCIT_C7057', 'Disease, Disorder or Finding'), ('http://www.w3.org/2002/07/owl#Thing', '')]","An acute infection of the respiratory tract that is caused by the severe acute respiratory syndrome coronavirus 2 (SARS-CoV-2). Based on currently available information, SARS-CoV-2 is thought to mainly spread from person to person through respiratory droplets. Typically, there is a two- to 14-day incubation period and infected persons can present with no symptoms or mild to severe fever, dry cough, fatigue, and difficulty breathing. Dysgeusia, anosmia, and gastrointestinal and flu-like symptoms have also been reported. Older adults and persons of any age who have serious underlying medical conditions may be of higher risk for severe illness, including secondary infections, respiratory failure, and multi-organ dysfunction.",5,DISEASE
cvd,['cvd'],"['22196', '14091', '21876', '7101', '21878']","['22196', '14091', '21876', '7101', '21878']","['22196', '14091', '21876', '7101', '21878']",,,,,5,DISEASE
cytokine,['cytokines'],"['15269', '200229', '22312', '22196', '7077', '14091', '219506', '21876', '13098', '7101', '21878']","['15269', '200229', '22312', '22196', '7077', '14091', '219506', '21876', '13098', '7101', '21878']","['15269', '200229', '22312', '22196', '7077', '14091', '219506', '21876', '13098', '7101', '21878']",http://purl.obolibrary.org/obo/NCIT_C20464,Immunologic Factor,"[('http://purl.obolibrary.org/obo/NCIT_C20027', 'Protein, Organized by Function'), ('http://purl.obolibrary.org/obo/NCIT_C17021', 'Protein'), ('http://purl.obolibrary.org/obo/NCIT_C26548', 'Gene Product'), ('http://www.w3.org/2002/07/owl#Thing', '')]",A class of soluble glycoproteins which act nonenzymatically through specific receptors to regulate immune responses. Cytokines are derived from both immune and non-immune cells and are intercellular mediators that differ from hormones in that they are produced by a number of tissue or cell types rather than by specialized glands.,11,PROTEIN
d-dimer measurement,['d-dimer'],"['208496', '219506', '13098', '7101', '21878']","['208496', '219506', '13098', '7101', '21878']","['208496', '219506', '13098', '7101', '21878']",http://purl.obolibrary.org/obo/NCIT_C82621,Laboratory Procedure,"[('http://purl.obolibrary.org/obo/NCIT_C82013', 'Fibrin Degradation Products Measurement'), ('http://purl.obolibrary.org/obo/NCIT_C64430', 'Protein or Enzyme Type Measurement'), ('http://purl.obolibrary.org/obo/NCIT_C49237', 'Chemistry Test'), ('http://purl.obolibrary.org/obo/NCIT_C74944', 'Clinical Pathology Procedure'), ('http://purl.obolibrary.org/obo/NCIT_C25294', 'Laboratory Procedure'), ('http://purl.obolibrary.org/obo/NCIT_C25218', 'Intervention or Procedure'), ('http://purl.obolibrary.org/obo/NCIT_C16203', 'Clinical or Research Activity'), ('http://purl.obolibrary.org/obo/NCIT_C43431', 'Activity'), ('http://www.w3.org/2002/07/owl#Thing', '')]",The determination of the amount of d-dimers present in a sample.,5,PROTEIN
dead,['death'],"['15269', '200229', '22312', '22196', '7077', '14091', '7032', '219506', '21876', '13098', '7101', '21878']","['15269', '200229', '22312', '22196', '7077', '14091', '7032', '219506', '21876', '13098', '7101', '21878']","['15269', '200229', '22312', '22196', '7077', '14091', '7032', '219506', '21876', '13098', '7101', '21878']",http://purl.obolibrary.org/obo/NCIT_C28554,Finding,"[('http://purl.obolibrary.org/obo/NCIT_C20200', 'Outcome'), ('http://purl.obolibrary.org/obo/NCIT_C36295', 'Other Finding'), ('http://purl.obolibrary.org/obo/NCIT_C3367', 'Finding'), ('http://purl.obolibrary.org/obo/NCIT_C7057', 'Disease, Disorder or Finding'), ('http://www.w3.org/2002/07/owl#Thing', '')]",The cessation of life.,12,DISEASE
diabetes mellitus,['diabetes'],"['200229', '22312', '208496', '22196', '7077', '14091', '7032', '219506', '21876', '13098', '33564', '7101', '21878']","['200229', '22312', '208496', '22196', '7077', '14091', '7032', '219506', '21876', '13098', '33564', '7101', '21878']","['200229', '22312', '208496', '22196', '7077', '14091', '7032', '219506', '21876', '13098', '33564', '7101', '21878']",http://purl.obolibrary.org/obo/NCIT_C2985,Disease or Syndrome,"[('http://purl.obolibrary.org/obo/NCIT_C53655', 'Glucose Metabolism Disorder'), ('http://purl.obolibrary.org/obo/NCIT_C27565', 'Non-Neoplastic Endocrine Disorder'), ('http://purl.obolibrary.org/obo/NCIT_C3009', 'Endocrine System Disorder'), ('http://purl.obolibrary.org/obo/NCIT_C27551', 'Disorder by Site'), ('http://purl.obolibrary.org/obo/NCIT_C2991', 'Disease or Disorder'), ('http://purl.obolibrary.org/obo/NCIT_C7057', 'Disease, Disorder or Finding'), ('http://www.w3.org/2002/07/owl#Thing', ''), ('http://purl.obolibrary.org/obo/NCIT_C53531', 'Non-Neoplastic Disorder by Site'), ('http://purl.obolibrary.org/obo/NCIT_C53529', 'Non-Neoplastic Disorder'), ('http://purl.obolibrary.org/obo/NCIT_C97089', 'Carbohydrate Metabolism Disorder'), ('http://purl.obolibrary.org/obo/NCIT_C3235', 'Metabolic Disorder'), ('http://purl.obolibrary.org/obo/NCIT_C53547', 'Non-Neoplastic Disorder by Special Category'), ('http://purl.obolibrary.org/obo/NCIT_C171128', 'Non-Neoplastic Endocrine Pancreas Disorder'), ('http://purl.obolibrary.org/obo/NCIT_C27067', 'Endocrine Pancreas Disorder'), ('http://purl.obolibrary.org/obo/NCIT_C26842', 'Pancreatic Disorder'), ('http://purl.obolibrary.org/obo/NCIT_C2990', 'Digestive System Disorder'), ('http://purl.obolibrary.org/obo/NCIT_C53505', 'Non-Neoplastic Pancreatic Disorder'), ('http://purl.obolibrary.org/obo/NCIT_C27550', 'Non-Neoplastic Digestive System Disorder')]",A metabolic disorder characterized by abnormally high blood sugar levels due to diminished production of insulin or insulin resistance/desensitization.,13,DISEASE
failure,['failure'],"['15269', '22312', '22196', '7077', '14091', '7032', '21876', '13098', '7101', '21878']","['15269', '22312', '22196', '7077', '14091', '7032', '21876', '13098', '7101', '21878']","['15269', '22312', '22196', '7077', '14091', '7032', '21876', '13098', '7101', '21878']",http://purl.obolibrary.org/obo/NCIT_C25745,Functional Concept,"[('http://purl.obolibrary.org/obo/NCIT_C25499', 'Event'), ('http://purl.obolibrary.org/obo/NCIT_C20181', 'Conceptual Entity'), ('http://www.w3.org/2002/07/owl#Thing', '')]",A lack of occurrence or performance.,10,Condition
fatigue,['fatigue'],"['200229', '7077', '7032', '29587', '7101', '21878']","['200229', '7077', '7032', '29587', '7101', '21878']","['200229', '7077', '7032', '29587', '7101', '21878']",http://purl.obolibrary.org/obo/NCIT_C3036,Sign or Symptom,"[('http://purl.obolibrary.org/obo/NCIT_C3858', 'Mental and Behavioral Signs and Symptoms'), ('http://purl.obolibrary.org/obo/NCIT_C100104', 'Sign or Symptom'), ('http://purl.obolibrary.org/obo/NCIT_C3367', 'Finding'), ('http://purl.obolibrary.org/obo/NCIT_C7057', 'Disease, Disorder or Finding'), ('http://www.w3.org/2002/07/owl#Thing', '')]",Overall tiredness and lack of energy.,6,DISEASE
ferritin,['ferritin'],"['7101', '21876', '22196']","['7101', '21876', '22196']","['7101', '21876', '22196']",http://purl.obolibrary.org/obo/NCIT_C16577,"Amino Acid, Peptide, or Protein","[('http://purl.obolibrary.org/obo/NCIT_C20315', 'Trace Metal Storage Protein'), ('http://purl.obolibrary.org/obo/NCIT_C17728', 'Ligand Binding Protein'), ('http://purl.obolibrary.org/obo/NCIT_C20027', 'Protein, Organized by Function'), ('http://purl.obolibrary.org/obo/NCIT_C17021', 'Protein'), ('http://purl.obolibrary.org/obo/NCIT_C26548', 'Gene Product'), ('http://www.w3.org/2002/07/owl#Thing', '')]","An iron protein complex, containing up to 23% iron, formed by the union of ferric iron with apoferritin; it is found in the intestinal mucosa, spleen, bone marrow, reticulocytes, and liver, and regulates iron storage and transport from the intestinal lumen to plasma.",3,PROTEIN
fever,['fever'],"['15269', '200229', '22312', '22196', '7077', '14091', '7032', '219506', '21876', '13098', '29587', '7101', '21878']","['15269', '200229', '22312', '22196', '7077', '14091', '7032', '219506', '21876', '13098', '29587', '7101', '21878']","['15269', '200229', '22312', '22196', '7077', '14091', '7032', '219506', '21876', '13098', '29587', '7101', '21878']",http://purl.obolibrary.org/obo/NCIT_C3038,Sign or Symptom,"[('http://purl.obolibrary.org/obo/NCIT_C53458', 'Sign'), ('http://purl.obolibrary.org/obo/NCIT_C100104', 'Sign or Symptom'), ('http://purl.obolibrary.org/obo/NCIT_C3367', 'Finding'), ('http://purl.obolibrary.org/obo/NCIT_C7057', 'Disease, Disorder or Finding'), ('http://www.w3.org/2002/07/owl#Thing', '')]",Elevation of body temperature above normal due to inflammatory or immune responses.,13,DISEASE
gastrointestinal,['gastrointestinal'],"['15269', '22312', '22196', '7077', '14091', '7032', '21876', '13098', '7101', '21878']","['15269', '22312', '22196', '7077', '14091', '7032', '21876', '13098', '7101', '21878']","['15269', '22312', '22196', '7077', '14091', '7032', '21876', '13098', '7101', '21878']",http://purl.obolibrary.org/obo/NCIT_C13359,Body Location or Region,"[('http://purl.obolibrary.org/obo/NCIT_C13442', 'Anatomy Qualifier'), ('http://purl.obolibrary.org/obo/NCIT_C41009', 'Qualifier'), ('http://purl.obolibrary.org/obo/NCIT_C20189', 'Property or Attribute'), ('http://www.w3.org/2002/07/owl#Thing', '')]",Pertaining to the stomach and intestines.,10,ORGAN
glucose,['glucose'],"['15269', '200229', '22312', '22196', '7077', '208496', '14091', '7032', '219506', '21876', '13098', '33564', '7101', '21878']","['15269', '200229', '22312', '22196', '7077', '208496', '14091', '7032', '219506', '21876', '13098', '33564', '7101', '21878']","['15269', '200229', '22312', '22196', '7077', '208496', '14091', '7032', '219506', '21876', '13098', '33564', '7101', '21878']",http://purl.obolibrary.org/obo/NCIT_C2831,Organic Chemical,"[('http://purl.obolibrary.org/obo/NCIT_C68479', 'Hexose'), ('http://purl.obolibrary.org/obo/NCIT_C68471', 'Monosaccharide'), ('http://purl.obolibrary.org/obo/NCIT_C68470', 'Dietary Carbohydrate'), ('http://purl.obolibrary.org/obo/NCIT_C54060', 'Bioactive Food Component'), ('http://purl.obolibrary.org/obo/NCIT_C1930', 'Food Component'), ('http://purl.obolibrary.org/obo/NCIT_C1949', 'Food or Food Product'), ('http://purl.obolibrary.org/obo/NCIT_C1908', 'Drug, Food, Chemical or Biomedical Material'), ('http://www.w3.org/2002/07/owl#Thing', ''), ('http://purl.obolibrary.org/obo/NCIT_C344', 'Carbohydrate'), ('http://purl.obolibrary.org/obo/NCIT_C718', 'Organic Chemical'), ('http://purl.obolibrary.org/obo/NCIT_C1913', 'Drug or Chemical by Structure')]","A simple sugar monosaccharide having two isoforms, alpha and beta, with a chemical structure of C6H12O6 that acts as an energy source for both plants and animals by reacting with oxygen, generating carbon dioxide and water, and releasing energy.",14,CHEMICAL
glycolysis,['glycolysis'],['7032'],['7032'],['7032'],http://purl.obolibrary.org/obo/NCIT_C28152,Physiologic Function,"[('http://purl.obolibrary.org/obo/NCIT_C17933', 'Carbohydrate Metabolic Process'), ('http://purl.obolibrary.org/obo/NCIT_C21198', 'Intermediary Metabolic Process'), ('http://purl.obolibrary.org/obo/NCIT_C19536', 'Metabolic Process'), ('http://purl.obolibrary.org/obo/NCIT_C28498', 'Biochemical Process'), ('http://purl.obolibrary.org/obo/NCIT_C17710', 'Subcellular Process'), ('http://purl.obolibrary.org/obo/NCIT_C17828', 'Biological Process'), ('http://www.w3.org/2002/07/owl#Thing', '')]",A series of anaerobic chemical reactions that cells utilize to produce energy. Glycolysis is a biochemical pathway in which glucose is catabolized into lactate or pyruvate via enzymatic reactions to generate ATP.,1,PATHWAY
glycosylation,['glycosylation'],"['14091', '21878']","['14091', '21878']","['14091', '21878']",http://purl.obolibrary.org/obo/NCIT_C21034,Molecular Function,"[('http://purl.obolibrary.org/obo/NCIT_C19899', 'Biochemical Reaction'), ('http://purl.obolibrary.org/obo/NCIT_C17710', 'Subcellular Process'), ('http://purl.obolibrary.org/obo/NCIT_C17828', 'Biological Process'), ('http://www.w3.org/2002/07/owl#Thing', '')]","The covalent chemical or biochemical addition of carbohydrate or glycosyl groups to other chemicals, by glycosyl transferases.",2,PATHWAY
hba1c,['hba1c'],"['200229', '22196', '7077', '219506', '21876', '33564', '7101']","['200229', '22196', '7077', '219506', '21876', '33564', '7101']","['200229', '22196', '7077', '219506', '21876', '33564', '7101']",,,,,7,PROTEIN
heart,"['cardiac', 'heart']","['200229', '22312', '22196', '7077', '14091', '7032', '219506', '21876', '13098', '29587', '7101', '21878']","['200229', '22312', '22196', '7077', '14091', '7032', '219506', '21876', '13098', '29587', '7101', '21878']","['200229', '22312', '22196', '7077', '14091', '7032', '219506', '21876', '13098', '29587', '7101', '21878']",http://purl.obolibrary.org/obo/NCIT_C12727,"Body Part, Organ, or Organ Component","[('http://purl.obolibrary.org/obo/NCIT_C13018', 'Organ'), ('http://purl.obolibrary.org/obo/NCIT_C12219', 'Anatomic Structure, System, or Substance'), ('http://www.w3.org/2002/07/owl#Thing', '')]",A hollow organ located slightly to the left of the middle portion of the chest. It is composed of muscle and it is divided by a septum into two sides: the right side which receives de-oxygenated blood from the body and the left side which sends newly oxygenated blood to the body. Each side is composed of two chambers: the atrium (receiving blood) and ventricle (ejecting blood).,12,ORGAN
hemoglobin,['hemoglobin'],"['200229', '22196', '208496', '7077', '14091', '7032', '21876', '13098', '33564', '7101', '21878']","['200229', '22196', '208496', '7077', '14091', '7032', '21876', '13098', '33564', '7101', '21878']","['200229', '22196', '208496', '7077', '14091', '7032', '21876', '13098', '33564', '7101', '21878']",http://purl.obolibrary.org/obo/NCIT_C16676,"Amino Acid, Peptide, or Protein","[('http://purl.obolibrary.org/obo/NCIT_C16675', 'Heme Protein'), ('http://purl.obolibrary.org/obo/NCIT_C16844', 'Metalloprotein'), ('http://purl.obolibrary.org/obo/NCIT_C20028', 'Protein, Organized by Structure'), ('http://purl.obolibrary.org/obo/NCIT_C17021', 'Protein'), ('http://purl.obolibrary.org/obo/NCIT_C26548', 'Gene Product'), ('http://www.w3.org/2002/07/owl#Thing', ''), ('http://purl.obolibrary.org/obo/NCIT_C21176', 'Protein or Riboprotein Complex')]","The red respiratory protein of erythrocytes, consisting of approximately 3.8% heme and 96.2% globin (64.5 KD), which as oxyhemoglobin (HbO2) transports oxygen from the lungs to the tissues where the oxygen is readily released and HbO2 becomes Hb.",11,PROTEIN
host,['host'],"['15269', '22312', '169284', '22196', '7077', '14091', '7032', '21876', '13098', '7101']","['15269', '22312', '169284', '22196', '7077', '14091', '7032', '21876', '13098', '7101']","['15269', '22312', '169284', '22196', '7077', '14091', '7032', '21876', '13098', '7101']",http://purl.obolibrary.org/obo/NCIT_C66819,Organism,"[('http://purl.obolibrary.org/obo/NCIT_C14376', 'Other Organism Groupings'), ('http://purl.obolibrary.org/obo/NCIT_C14250', 'Organism'), ('http://www.w3.org/2002/07/owl#Thing', '')]",An organism that nourishes and supports another but does not benefit by the association; recipient of transplanted tissue or organ from a donor.,10,ORGANISM
human,"['human', 'humans']","['15269', '200229', '22312', '163081', '22196', '7077', '169284', '14091', '7032', '219506', '21876', '13098', '7101', '21878']","['15269', '200229', '22312', '163081', '22196', '7077', '169284', '14091', '7032', '219506', '21876', '13098', '7101', '21878']","['15269', '200229', '22312', '163081', '22196', '7077', '169284', '14091', '7032', '219506', '21876', '13098', '7101', '21878']",http://purl.obolibrary.org/obo/NCIT_C14225,Human,"[('http://purl.obolibrary.org/obo/NCIT_C79740', 'Hominidae'), ('http://purl.obolibrary.org/obo/NCIT_C14262', 'Primate'), ('http://purl.obolibrary.org/obo/NCIT_C14234', 'Mammalia'), ('http://purl.obolibrary.org/obo/NCIT_C14282', 'Vertebrata'), ('http://purl.obolibrary.org/obo/NCIT_C14182', 'Animal'), ('http://purl.obolibrary.org/obo/NCIT_C25796', 'Eukaryota'), ('http://purl.obolibrary.org/obo/NCIT_C14250', 'Organism'), ('http://www.w3.org/2002/07/owl#Thing', '')]","The bipedal primate mammal, Homo sapiens; belonging to man or mankind; pertaining to man or to the race of man; use of man as experimental subject or unit of analysis in research.",14,ORGANISM
human immunodeficiency virus,['hiv'],"['15269', '22312', '163081', '22196', '7077', '169284', '14091', '7032', '21876', '7101']","['15269', '22312', '163081', '22196', '7077', '169284', '14091', '7032', '21876', '7101']","['15269', '22312', '163081', '22196', '7077', '169284', '14091', '7032', '21876', '7101']",http://purl.obolibrary.org/obo/NCIT_C14219,Virus,"[('http://purl.obolibrary.org/obo/NCIT_C117716', 'Primate Lentivirus Group'), ('http://purl.obolibrary.org/obo/NCIT_C14290', 'Lentivirus'), ('http://purl.obolibrary.org/obo/NCIT_C14268', 'Retroviridae'), ('http://purl.obolibrary.org/obo/NCIT_C54085', 'Retro-transcribing Virus'), ('http://purl.obolibrary.org/obo/NCIT_C14283', 'Virus'), ('http://purl.obolibrary.org/obo/NCIT_C14250', 'Organism'), ('http://www.w3.org/2002/07/owl#Thing', '')]","The virus isolated and recognized as the etiologic agent of AIDS. HIV-1 is classified as a lentivirus, a subtype of retroviruses.",10,ORGANISM
hyperglycemia,['hyperglycemia'],"['200229', '7077', '14091', '219506', '21876', '13098', '33564', '7101', '21878']","['200229', '7077', '14091', '219506', '21876', '13098', '33564', '7101', '21878']","['200229', '7077', '14091', '219506', '21876', '13098', '33564', '7101', '21878']",http://purl.obolibrary.org/obo/NCIT_C26797,Laboratory or Test Result,"[('http://purl.obolibrary.org/obo/NCIT_C35553', 'Abnormal Blood Chemistry and Hematology Test Result'), ('http://purl.obolibrary.org/obo/NCIT_C26683', 'Abnormal Laboratory Test Result'), ('http://purl.obolibrary.org/obo/NCIT_C36292', 'Laboratory Test Result'), ('http://purl.obolibrary.org/obo/NCIT_C77140', 'Clinical Test Result'), ('http://purl.obolibrary.org/obo/NCIT_C3367', 'Finding'), ('http://purl.obolibrary.org/obo/NCIT_C7057', 'Disease, Disorder or Finding'), ('http://www.w3.org/2002/07/owl#Thing', '')]",Abnormally high level of glucose in the blood.,9,DISEASE
hypertension,['hypertension'],"['200229', '22312', '208496', '22196', '7077', '14091', '7032', '219506', '21876', '13098', '7101', '21878']","['200229', '22312', '208496', '22196', '7077', '14091', '7032', '219506', '21876', '13098', '7101', '21878']","['200229', '22312', '208496', '22196', '7077', '14091', '7032', '219506', '21876', '13098', '7101', '21878']",http://purl.obolibrary.org/obo/NCIT_C3117,Finding,"[('http://purl.obolibrary.org/obo/NCIT_C54707', 'Blood Pressure Finding'), ('http://purl.obolibrary.org/obo/NCIT_C35552', 'Cardiovascular System Finding'), ('http://purl.obolibrary.org/obo/NCIT_C36278', 'Finding by Site or System'), ('http://purl.obolibrary.org/obo/NCIT_C3367', 'Finding'), ('http://purl.obolibrary.org/obo/NCIT_C7057', 'Disease, Disorder or Finding'), ('http://www.w3.org/2002/07/owl#Thing', '')]",Blood pressure that is abnormally high.,12,DISEASE
infectious disorder,"['infection', 'infections']","['15269', '200229', '22312', '22196', '7077', '163081', '169284', '208496', '14091', '7032', '219506', '21876', '13098', '33564', '7101', '21878']","['15269', '200229', '22312', '22196', '7077', '163081', '169284', '208496', '14091', '7032', '219506', '21876', '13098', '33564', '7101', '21878']","['15269', '200229', '22312', '22196', '7077', '163081', '169284', '208496', '14091', '7032', '219506', '21876', '13098', '33564', '7101', '21878']",http://purl.obolibrary.org/obo/NCIT_C26726,Disease or Syndrome,"[('http://purl.obolibrary.org/obo/NCIT_C93210', 'Inflammatory Disorder'), ('http://purl.obolibrary.org/obo/NCIT_C53547', 'Non-Neoplastic Disorder by Special Category'), ('http://purl.obolibrary.org/obo/NCIT_C53529', 'Non-Neoplastic Disorder'), ('http://purl.obolibrary.org/obo/NCIT_C2991', 'Disease or Disorder'), ('http://purl.obolibrary.org/obo/NCIT_C7057', 'Disease, Disorder or Finding'), ('http://www.w3.org/2002/07/owl#Thing', '')]","A disorder resulting from the presence and activity of a microbial, viral, fungal, or parasitic agent. It can be transmitted by direct or indirect contact.",16,DISEASE
inflammation,['inflammation'],"['200229', '22312', '22196', '7077', '14091', '7032', '219506', '21876', '13098', '7101', '21878']","['200229', '22312', '22196', '7077', '14091', '7032', '219506', '21876', '13098', '7101', '21878']","['200229', '22312', '22196', '7077', '14091', '7032', '219506', '21876', '13098', '7101', '21878']",http://purl.obolibrary.org/obo/NCIT_C3137,Finding,"[('http://purl.obolibrary.org/obo/NCIT_C36295', 'Other Finding'), ('http://purl.obolibrary.org/obo/NCIT_C3367', 'Finding'), ('http://purl.obolibrary.org/obo/NCIT_C7057', 'Disease, Disorder or Finding'), ('http://www.w3.org/2002/07/owl#Thing', '')]","A localized protective response resulting from injury or destruction of tissues. Inflammation serves to destroy, dilute, or wall off both the injurious agent and the injured tissue. In the acute phase, inflammation is characterized by the signs of pain, heat, redness, swelling, and loss of function. Histologically, inflammation involves a complex series of events, including dilatation of arterioles, capillaries, and venules, with increased permeability and blood flow; exudation of fluids, including plasma proteins; and leukocyte migration into the site of inflammation.",11,DISEASE
insulin,['insulin'],"['22196', '7077', '7032', '14091', '219506', '21876', '13098', '7101', '21878']","['22196', '7077', '7032', '14091', '219506', '21876', '13098', '7101', '21878']","['22196', '7077', '7032', '14091', '219506', '21876', '13098', '7101', '21878']",http://purl.obolibrary.org/obo/NCIT_C2271,"Amino Acid, Peptide, or Protein","[('http://purl.obolibrary.org/obo/NCIT_C16843', 'Metallopeptidase'), ('http://purl.obolibrary.org/obo/NCIT_C16965', 'Peptidase'), ('http://purl.obolibrary.org/obo/NCIT_C16701', 'Hydrolase'), ('http://purl.obolibrary.org/obo/NCIT_C16554', 'Enzyme'), ('http://purl.obolibrary.org/obo/NCIT_C20027', 'Protein, Organized by Function'), ('http://purl.obolibrary.org/obo/NCIT_C17021', 'Protein'), ('http://purl.obolibrary.org/obo/NCIT_C26548', 'Gene Product'), ('http://www.w3.org/2002/07/owl#Thing', '')]","Angiotensin-converting enzyme 2 (805 aa, ~92 kDa) is encoded by the human ACE2 gene. This protein plays a role in both vasodilation and protein cleavage.",9,PROTEIN
interleukin-1,"['il-1', 'il-1']","['7101', '21876', '14091', '22196']","['7101', '21876', '14091', '22196']","['7101', '21876', '14091', '22196']",http://purl.obolibrary.org/obo/NCIT_C20506,"Amino Acid, Peptide, or Protein","[('http://purl.obolibrary.org/obo/NCIT_C20497', 'Interleukin'), ('http://purl.obolibrary.org/obo/NCIT_C20464', 'Cytokine'), ('http://purl.obolibrary.org/obo/NCIT_C20027', 'Protein, Organized by Function'), ('http://purl.obolibrary.org/obo/NCIT_C17021', 'Protein'), ('http://purl.obolibrary.org/obo/NCIT_C26548', 'Gene Product'), ('http://www.w3.org/2002/07/owl#Thing', '')]","Interleukin-1 (endogenous pyrogen), produced primarily by monocytes, is an important pro-inflammatory cytokine that mediates the acute phase host response.  The biologic activities of IL1 are properties of a protein derived from a larger precursor.  Inflammation causes induction of COX2, leading to release of prostanoids, which sensitize peripheral nociceptor terminals and produce local pain hypersensitivity.  Inflammation also generates sensitivity in neighboring tissue, muscle and joint pain, fever, lethargy, and anorexia.  COX2 induction in regions of the CNS is mediated by IL1B.  Interleukin-1-beta also stimulates bone resorption.  IL1RN is a competitive inhibitor of IL1B.  Mature IL1-beta levels are a sensitive and specific indicator of caspase-1 activation.  (from OMIM 147720 and NCI)",4,PROTEIN
interleukin-6,['il-6'],"['22196', '14091', '219506', '21876', '13098', '7101', '21878']","['22196', '14091', '219506', '21876', '13098', '7101', '21878']","['22196', '14091', '219506', '21876', '13098', '7101', '21878']",http://purl.obolibrary.org/obo/NCIT_C20451,"Amino Acid, Peptide, or Protein","[('http://purl.obolibrary.org/obo/NCIT_C20497', 'Interleukin'), ('http://purl.obolibrary.org/obo/NCIT_C20464', 'Cytokine'), ('http://purl.obolibrary.org/obo/NCIT_C20027', 'Protein, Organized by Function'), ('http://purl.obolibrary.org/obo/NCIT_C17021', 'Protein'), ('http://purl.obolibrary.org/obo/NCIT_C26548', 'Gene Product'), ('http://www.w3.org/2002/07/owl#Thing', '')]","Interleukin-6 (212 aa, ~24 kDa) is encoded by the human IL6 gene. This protein is involved in signaling affecting a wide variety of cell types including monocytes, lymphocytes, hepatocytes and nerve cells.",7,PROTEIN
interleukin-6 receptor subunit beta,['il-6'],"['22196', '14091', '219506', '21876', '13098', '7101', '21878']","['22196', '14091', '219506', '21876', '13098', '7101', '21878']","['22196', '14091', '219506', '21876', '13098', '7101', '21878']",http://purl.obolibrary.org/obo/NCIT_C26265,Enzyme,"[('http://purl.obolibrary.org/obo/NCIT_C17667', 'Cytokine Receptor'), ('http://purl.obolibrary.org/obo/NCIT_C18106', 'Receptor'), ('http://purl.obolibrary.org/obo/NCIT_C17728', 'Ligand Binding Protein'), ('http://purl.obolibrary.org/obo/NCIT_C20027', 'Protein, Organized by Function'), ('http://purl.obolibrary.org/obo/NCIT_C17021', 'Protein'), ('http://purl.obolibrary.org/obo/NCIT_C26548', 'Gene Product'), ('http://www.w3.org/2002/07/owl#Thing', '')]","Interleukin-6 receptor subunit beta (918 aa, ~104 kDa) is encoded by the human IL6ST gene. This protein is involved in cytokine receptor-mediated signal transduction.",7,PROTEIN
kidney,['kidney'],"['200229', '22312', '169284', '22196', '7077', '14091', '7032', '219506', '21876', '13098', '7101', '21878']","['200229', '22312', '169284', '22196', '7077', '14091', '7032', '219506', '21876', '13098', '7101', '21878']","['200229', '22312', '169284', '22196', '7077', '14091', '7032', '219506', '21876', '13098', '7101', '21878']",http://purl.obolibrary.org/obo/NCIT_C12415,"Body Part, Organ, or Organ Component","[('http://purl.obolibrary.org/obo/NCIT_C13018', 'Organ'), ('http://purl.obolibrary.org/obo/NCIT_C12219', 'Anatomic Structure, System, or Substance'), ('http://www.w3.org/2002/07/owl#Thing', '')]","One of the two bean-shaped organs located on each side of the spine in the retroperitoneum. The right kidney is located below the liver and the left kidney below the diaphragm. The kidneys filter and secret the metabolic products and minerals from the blood, thus maintaining the homeostasis. On the superior pole of each kidney there is an adrenal gland. Each kidney and adrenal gland is surrounded by fat.",12,ORGAN
lactate dehydrogenase,['ldh'],"['22196', '7032', '14091', '219506', '21876', '13098', '7101', '21878']","['22196', '7032', '14091', '219506', '21876', '13098', '7101', '21878']","['22196', '7032', '14091', '219506', '21876', '13098', '7101', '21878']",http://purl.obolibrary.org/obo/NCIT_C25184,Enzyme,"[('http://purl.obolibrary.org/obo/NCIT_C21176', 'Protein or Riboprotein Complex'), ('http://purl.obolibrary.org/obo/NCIT_C26548', 'Gene Product'), ('http://www.w3.org/2002/07/owl#Thing', '')]","A family of homotetrameric cytoplasmic enzymes involved in the conversion of L-lactate and NAD to pyruvate and NADH in the final step of anaerobic glycolysis. In vertebrates, genes for three different subunits (LDH-A, LDH-B and LDH-C) exist.",8,PROTEIN
lactic acid,['lactate'],"['22196', '14091', '13098', '7101', '21878']","['22196', '14091', '13098', '7101', '21878']","['22196', '14091', '13098', '7101', '21878']",http://purl.obolibrary.org/obo/NCIT_C76926,Pharmacologic Substance,"[('http://purl.obolibrary.org/obo/NCIT_C45678', 'Industrial Aid'), ('http://purl.obolibrary.org/obo/NCIT_C1908', 'Drug, Food, Chemical or Biomedical Material'), ('http://www.w3.org/2002/07/owl#Thing', '')]",,5,CHEMICAL
lipomatosis,['lung disease'],"['7101', '13098', '7032']","['7101', '13098', '7032']","['7101', '13098', '7032']",http://purl.obolibrary.org/obo/NCIT_C3193,Neoplastic Process,"[('http://purl.obolibrary.org/obo/NCIT_C4502', 'Benign Lipomatous Neoplasm'), ('http://purl.obolibrary.org/obo/NCIT_C4248', 'Lipomatous Neoplasm'), ('http://purl.obolibrary.org/obo/NCIT_C7059', 'Mesenchymal Cell Neoplasm'), ('http://purl.obolibrary.org/obo/NCIT_C4741', 'Neoplasm by Morphology'), ('http://purl.obolibrary.org/obo/NCIT_C3262', 'Neoplasm'), ('http://purl.obolibrary.org/obo/NCIT_C2991', 'Disease or Disorder'), ('http://purl.obolibrary.org/obo/NCIT_C7057', 'Disease, Disorder or Finding'), ('http://www.w3.org/2002/07/owl#Thing', ''), ('http://purl.obolibrary.org/obo/NCIT_C3810', 'Connective and Soft Tissue Neoplasm'), ('http://purl.obolibrary.org/obo/NCIT_C3263', 'Neoplasm by Site'), ('http://purl.obolibrary.org/obo/NCIT_C27574', 'Connective and Soft Tissue Disorder'), ('http://purl.obolibrary.org/obo/NCIT_C27551', 'Disorder by Site'), ('http://purl.obolibrary.org/obo/NCIT_C53684', 'Benign Connective and Soft Tissue Neoplasm'), ('http://purl.obolibrary.org/obo/NCIT_C3677', 'Benign Neoplasm'), ('http://purl.obolibrary.org/obo/NCIT_C7062', 'Neoplasm by Special Category')]",A neoplastic process characterized by diffuse overgrowth of mature adipose tissue.,3,DISEASE
liver,['liver'],"['15269', '200229', '22312', '22196', '7077', '208496', '14091', '7032', '21876', '13098', '7101', '21878']","['15269', '200229', '22312', '22196', '7077', '208496', '14091', '7032', '21876', '13098', '7101', '21878']","['15269', '200229', '22312', '22196', '7077', '208496', '14091', '7032', '21876', '13098', '7101', '21878']",http://purl.obolibrary.org/obo/NCIT_C12392,"Body Part, Organ, or Organ Component","[('http://purl.obolibrary.org/obo/NCIT_C13018', 'Organ'), ('http://purl.obolibrary.org/obo/NCIT_C12219', 'Anatomic Structure, System, or Substance'), ('http://www.w3.org/2002/07/owl#Thing', '')]","A triangular-shaped organ located under the diaphragm in the right hypochondrium. It is the largest internal organ of the body, weighting up to 2 kg. Metabolism and bile secretion are its main functions. It is composed of cells which have the ability to regenerate.",12,ORGAN
lung,"['lung', 'lungs']","['15269', '22312', '208496', '22196', '7077', '14091', '7032', '219506', '21876', '13098', '29587', '7101', '21878']","['15269', '22312', '208496', '22196', '7077', '14091', '7032', '219506', '21876', '13098', '29587', '7101', '21878']","['15269', '22312', '208496', '22196', '7077', '14091', '7032', '219506', '21876', '13098', '29587', '7101', '21878']",http://purl.obolibrary.org/obo/NCIT_C12468,"Body Part, Organ, or Organ Component","[('http://purl.obolibrary.org/obo/NCIT_C13018', 'Organ'), ('http://purl.obolibrary.org/obo/NCIT_C12219', 'Anatomic Structure, System, or Substance'), ('http://www.w3.org/2002/07/owl#Thing', '')]","One of a pair of viscera occupying the pulmonary cavities of the thorax, the organs of respiration in which aeration of the blood takes place. As a rule, the right lung is slightly larger than the left and is divided into three lobes (an upper, a middle, and a lower or basal), while the left has two lobes (an upper and a lower or basal). Each lung is irregularly conical in shape, presenting a blunt upper extremity (the apex), a concave base following the curve of the diaphragm, an outer convex surface (costal surface), an inner or mediastinal surface (mediastinal surface), a thin and sharp anterior border, and a thick and rounded posterior border.",13,ORGAN
lymphocyte,['lymphocytes'],"['200229', '22312', '22196', '7032', '14091', '21876', '13098', '7101', '21878']","['200229', '22312', '22196', '7032', '14091', '21876', '13098', '7101', '21878']","['200229', '22312', '22196', '7032', '14091', '21876', '13098', '7101', '21878']",http://purl.obolibrary.org/obo/NCIT_C12535,Cell,"[('http://purl.obolibrary.org/obo/NCIT_C32725', 'Hematopoietic and Lymphoid Cell'), ('http://purl.obolibrary.org/obo/NCIT_C12508', 'Cell'), ('http://purl.obolibrary.org/obo/NCIT_C21599', 'Microanatomic Structure'), ('http://purl.obolibrary.org/obo/NCIT_C12219', 'Anatomic Structure, System, or Substance'), ('http://www.w3.org/2002/07/owl#Thing', '')]","White blood cells formed in the body's lymphoid tissue. The nucleus is round or ovoid with coarse, irregularly clumped chromatin while the cytoplasm is typically pale blue with azurophilic (if any) granules. Most lymphocytes can be classified as either T or B (with subpopulations of each); those with characteristics of neither major class are called null cells.",9,CELL_TYPE
macrophage,['macrophage'],"['21876', '7077']","['21876', '7077']","['21876', '7077']",http://purl.obolibrary.org/obo/NCIT_C12558,Cell,"[('http://purl.obolibrary.org/obo/NCIT_C12657', 'Phagocytic Cell'), ('http://purl.obolibrary.org/obo/NCIT_C12621', 'Antigen Presenting Cell'), ('http://purl.obolibrary.org/obo/NCIT_C12508', 'Cell'), ('http://purl.obolibrary.org/obo/NCIT_C21599', 'Microanatomic Structure'), ('http://purl.obolibrary.org/obo/NCIT_C12219', 'Anatomic Structure, System, or Substance'), ('http://www.w3.org/2002/07/owl#Thing', '')]",,2,CELL_TYPE
mouse,['mice'],"['15269', '22312', '22196', '7077', '14091', '219506', '21876', '13098', '7101', '21878']","['15269', '22312', '22196', '7077', '14091', '219506', '21876', '13098', '7101', '21878']","['15269', '22312', '22196', '7077', '14091', '219506', '21876', '13098', '7101', '21878']",http://purl.obolibrary.org/obo/NCIT_C14238,Mammal,"[('http://purl.obolibrary.org/obo/NCIT_C14246', 'Muridae'), ('http://purl.obolibrary.org/obo/NCIT_C14270', 'Rodentia'), ('http://purl.obolibrary.org/obo/NCIT_C14234', 'Mammalia'), ('http://purl.obolibrary.org/obo/NCIT_C14282', 'Vertebrata'), ('http://purl.obolibrary.org/obo/NCIT_C14182', 'Animal'), ('http://purl.obolibrary.org/obo/NCIT_C25796', 'Eukaryota'), ('http://purl.obolibrary.org/obo/NCIT_C14250', 'Organism'), ('http://www.w3.org/2002/07/owl#Thing', '')]",Any of numerous species of small rodents belonging to the genus Mus and various related genera of the family Muridae.,10,ORGANISM
muscle,['muscle'],"['163081', '22196', '7077', '7032', '14091', '219506', '21876', '13098', '7101', '21878']","['163081', '22196', '7077', '7032', '14091', '219506', '21876', '13098', '7101', '21878']","['163081', '22196', '7077', '7032', '14091', '219506', '21876', '13098', '7101', '21878']",http://purl.obolibrary.org/obo/NCIT_C13056,"Body Part, Organ, or Organ Component","[('http://purl.obolibrary.org/obo/NCIT_C25769', 'Musculoskeletal System Part'), ('http://purl.obolibrary.org/obo/NCIT_C32221', 'Body Part'), ('http://purl.obolibrary.org/obo/NCIT_C12219', 'Anatomic Structure, System, or Substance'), ('http://www.w3.org/2002/07/owl#Thing', '')]",One of the contractile organs of the body.,10,CELL_COMPARTMENT
obese,['obesity'],"['22196', '7077', '7032', '14091', '219506', '21876', '13098', '7101', '21878']","['22196', '7077', '7032', '14091', '219506', '21876', '13098', '7101', '21878']","['22196', '7077', '7032', '14091', '219506', '21876', '13098', '7101', '21878']",http://purl.obolibrary.org/obo/NCIT_C159658,Qualitative Concept,"[('http://purl.obolibrary.org/obo/NCIT_C27992', 'Disease Qualifier'), ('http://purl.obolibrary.org/obo/NCIT_C41009', 'Qualifier'), ('http://purl.obolibrary.org/obo/NCIT_C20189', 'Property or Attribute'), ('http://www.w3.org/2002/07/owl#Thing', '')]","Weighing well above a person's ideal weight, generally characterized as a Body Mass Index (BMI) of 30 and above.",9,DISEASE
oral cavity,['oral'],"['15269', '200229', '22312', '22196', '7077', '14091', '7032', '21876', '13098', '29587', '7101', '21878']","['15269', '200229', '22312', '22196', '7077', '14091', '7032', '21876', '13098', '29587', '7101', '21878']","['15269', '200229', '22312', '22196', '7077', '14091', '7032', '21876', '13098', '29587', '7101', '21878']",http://purl.obolibrary.org/obo/NCIT_C12421,"Body Part, Organ, or Organ Component","[('http://purl.obolibrary.org/obo/NCIT_C25444', 'Body Cavity'), ('http://purl.obolibrary.org/obo/NCIT_C12219', 'Anatomic Structure, System, or Substance'), ('http://www.w3.org/2002/07/owl#Thing', '')]","The cavity located at the upper end of the alimentary canal, behind the teeth and gums that is bounded on the outside by the lips, above by the hard and soft palates and below by the tongue.",12,ORGAN
organ,"['organ', 'organs']","['15269', '200229', '22312', '169284', '22196', '7077', '14091', '7032', '219506', '21876', '13098', '7101', '21878']","['15269', '200229', '22312', '169284', '22196', '7077', '14091', '7032', '219506', '21876', '13098', '7101', '21878']","['15269', '200229', '22312', '169284', '22196', '7077', '14091', '7032', '219506', '21876', '13098', '7101', '21878']",http://purl.obolibrary.org/obo/NCIT_C13018,"Body Part, Organ, or Organ Component","[('http://purl.obolibrary.org/obo/NCIT_C12219', 'Anatomic Structure, System, or Substance'), ('http://www.w3.org/2002/07/owl#Thing', '')]","A unique macroscopic (gross) anatomic structure that performs specific functions. It is composed of various tissues.  An organ is part of an anatomic system or a body region. Representative examples include the heart, lung, liver, spleen, and uterus.",13,ORGAN
oxygen,['oxygen'],"['200229', '22312', '22196', '7077', '14091', '7032', '219506', '21876', '13098', '29587', '7101', '21878']","['200229', '22312', '22196', '7077', '14091', '7032', '219506', '21876', '13098', '29587', '7101', '21878']","['200229', '22312', '22196', '7077', '14091', '7032', '219506', '21876', '13098', '29587', '7101', '21878']",http://purl.obolibrary.org/obo/NCIT_C722,"Element, Ion, or Isotope","[('http://purl.obolibrary.org/obo/NCIT_C1940', 'Element'), ('http://purl.obolibrary.org/obo/NCIT_C579', 'Inorganic Chemical'), ('http://purl.obolibrary.org/obo/NCIT_C1913', 'Drug or Chemical by Structure'), ('http://purl.obolibrary.org/obo/NCIT_C1908', 'Drug, Food, Chemical or Biomedical Material'), ('http://www.w3.org/2002/07/owl#Thing', '')]","An element with atomic symbol O, atomic number 8, and atomic weight 16.",12,CHEMICAL
person,['individuals'],"['15269', '22312', '163081', '22196', '7077', '169284', '208496', '14091', '7032', '219506', '21876', '13098', '7101', '21878']","['15269', '22312', '163081', '22196', '7077', '169284', '208496', '14091', '7032', '219506', '21876', '13098', '7101', '21878']","['15269', '22312', '163081', '22196', '7077', '169284', '208496', '14091', '7032', '219506', '21876', '13098', '7101', '21878']",http://purl.obolibrary.org/obo/NCIT_C25190,Human,"[('http://purl.obolibrary.org/obo/NCIT_C20181', 'Conceptual Entity'), ('http://www.w3.org/2002/07/owl#Thing', '')]",A human being.,14,ORGANISM
pneumonia,['pneumonia'],"['15269', '200229', '22312', '22196', '7077', '169284', '14091', '219506', '21876', '13098', '7101', '21878']","['15269', '200229', '22312', '22196', '7077', '169284', '14091', '219506', '21876', '13098', '7101', '21878']","['15269', '200229', '22312', '22196', '7077', '169284', '14091', '219506', '21876', '13098', '7101', '21878']",http://purl.obolibrary.org/obo/NCIT_C3333,Disease or Syndrome,"[('http://purl.obolibrary.org/obo/NCIT_C27557', 'Non-Neoplastic Lung Disorder'), ('http://purl.obolibrary.org/obo/NCIT_C35755', 'Non-Neoplastic Respiratory System Disorder'), ('http://purl.obolibrary.org/obo/NCIT_C26871', 'Respiratory System Disorder'), ('http://purl.obolibrary.org/obo/NCIT_C27669', 'Respiratory and Thoracic Disorder'), ('http://purl.obolibrary.org/obo/NCIT_C27551', 'Disorder by Site'), ('http://purl.obolibrary.org/obo/NCIT_C2991', 'Disease or Disorder'), ('http://purl.obolibrary.org/obo/NCIT_C7057', 'Disease, Disorder or Finding'), ('http://www.w3.org/2002/07/owl#Thing', ''), ('http://purl.obolibrary.org/obo/NCIT_C53531', 'Non-Neoplastic Disorder by Site'), ('http://purl.obolibrary.org/obo/NCIT_C53529', 'Non-Neoplastic Disorder'), ('http://purl.obolibrary.org/obo/NCIT_C35743', 'Non-Neoplastic Thoracic Disorder'), ('http://purl.obolibrary.org/obo/NCIT_C35742', 'Thoracic Disorder'), ('http://purl.obolibrary.org/obo/NCIT_C3198', 'Lung Disorder')]","An acute, acute and chronic, or chronic inflammation focally or diffusely affecting the lung parenchyma, due to infections (viruses, fungi, mycoplasma, or bacteria), treatment (e.g. radiation), or exposure (inhalation) to chemicals. Symptoms include cough, shortness of breath, fevers, chills, chest pain, headache, sweating, and weakness.",12,DISEASE
preventive intervention,['prophylaxis'],"['15269', '22312', '163081', '22196', '7077', '14091', '7032', '21876', '13098', '7101']","['15269', '22312', '163081', '22196', '7077', '14091', '7032', '21876', '13098', '7101']","['15269', '22312', '163081', '22196', '7077', '14091', '7032', '21876', '13098', '7101']",http://purl.obolibrary.org/obo/NCIT_C15843,Therapeutic or Preventive Procedure,"[('http://purl.obolibrary.org/obo/NCIT_C25218', 'Intervention or Procedure'), ('http://purl.obolibrary.org/obo/NCIT_C16203', 'Clinical or Research Activity'), ('http://purl.obolibrary.org/obo/NCIT_C43431', 'Activity'), ('http://www.w3.org/2002/07/owl#Thing', '')]","Therapeutic, nutritional, environmental, social and/or behavioral interventions at the societal, community, organizational or individual levels to reduce, modify or stop the course of a disease.",10,DRUG
pulmonary,['pulmonary'],"['15269', '22312', '163081', '22196', '7077', '14091', '7032', '219506', '21876', '13098', '29587', '7101', '21878']","['15269', '22312', '163081', '22196', '7077', '14091', '7032', '219506', '21876', '13098', '29587', '7101', '21878']","['15269', '22312', '163081', '22196', '7077', '14091', '7032', '219506', '21876', '13098', '29587', '7101', '21878']",http://purl.obolibrary.org/obo/NCIT_C13304,Qualitative Concept,"[('http://purl.obolibrary.org/obo/NCIT_C13442', 'Anatomy Qualifier'), ('http://purl.obolibrary.org/obo/NCIT_C41009', 'Qualifier'), ('http://purl.obolibrary.org/obo/NCIT_C20189', 'Property or Attribute'), ('http://www.w3.org/2002/07/owl#Thing', '')]","Relating to the lungs as the intended site of administration, where the pharmaceutical product is administered, usually by inhalation, for local action in the lower respiratory tract or for systemic action after absorption via the lower respiratory tract.",13,ORGAN
rats,['rats'],"['22312', '22196', '7077', '7032', '14091', '219506', '21876', '13098', '7101', '21878']","['22312', '22196', '7077', '7032', '14091', '219506', '21876', '13098', '7101', '21878']","['22312', '22196', '7077', '7032', '14091', '219506', '21876', '13098', '7101', '21878']",,,,,10,ORGANISM
renal,['renal'],"['15269', '22312', '163081', '22196', '7077', '169284', '14091', '7032', '219506', '21876', '13098', '7101', '21878']","['15269', '22312', '163081', '22196', '7077', '169284', '14091', '7032', '219506', '21876', '13098', '7101', '21878']","['15269', '22312', '163081', '22196', '7077', '169284', '14091', '7032', '219506', '21876', '13098', '7101', '21878']",http://purl.obolibrary.org/obo/NCIT_C25225,Qualitative Concept,"[('http://purl.obolibrary.org/obo/NCIT_C13442', 'Anatomy Qualifier'), ('http://purl.obolibrary.org/obo/NCIT_C41009', 'Qualifier'), ('http://purl.obolibrary.org/obo/NCIT_C20189', 'Property or Attribute'), ('http://www.w3.org/2002/07/owl#Thing', '')]",Of or pertaining to the kidney.,13,ORGAN
risk factor,['risk factors'],"['22312', '208496', '22196', '7077', '14091', '7032', '21876', '13098', '7101', '21878']","['22312', '208496', '22196', '7077', '14091', '7032', '21876', '13098', '7101', '21878']","['22312', '208496', '22196', '7077', '14091', '7032', '21876', '13098', '7101', '21878']",http://purl.obolibrary.org/obo/NCIT_C17103,Clinical Attribute,"[('http://purl.obolibrary.org/obo/NCIT_C20047', 'Diagnostic or Prognostic Factor'), ('http://www.w3.org/2002/07/owl#Thing', '')]","Any aspect of an individual's life, behavior, an environmental exposure, or an inborn or inherited characteristic that increases the likelihood of a disease, condition or injury.",10,PROTEIN
sars-cov-2,"['sars-cov-2', 'sars-cov-2', 'sars-cov-2']","['200229', '219506']","['200229', '219506']","['200229', '219506']",http://purl.obolibrary.org/obo/NCIT_C169076,Virus,"[('http://purl.obolibrary.org/obo/NCIT_C113207', 'Betacoronavirus'), ('http://purl.obolibrary.org/obo/NCIT_C26431', 'Coronavirus'), ('http://purl.obolibrary.org/obo/NCIT_C113205', 'Coronaviridae'), ('http://purl.obolibrary.org/obo/NCIT_C14351', 'Positive Sense ssRNA Virus'), ('http://purl.obolibrary.org/obo/NCIT_C14269', 'RNA Virus'), ('http://purl.obolibrary.org/obo/NCIT_C14283', 'Virus'), ('http://purl.obolibrary.org/obo/NCIT_C14250', 'Organism'), ('http://www.w3.org/2002/07/owl#Thing', '')]",A positive-sense single-stranded RNA virus in the genus Betacoronavirus. It is the causative agent of the 2019-2020 severe acute respiratory syndrome outbreak.,2,ORGANISM
septicemia,['sepsis'],"['15269', '22312', '22196', '7077', '14091', '7032', '219506', '13098', '7101', '21878']","['15269', '22312', '22196', '7077', '14091', '7032', '219506', '13098', '7101', '21878']","['15269', '22312', '22196', '7077', '14091', '7032', '219506', '13098', '7101', '21878']",http://purl.obolibrary.org/obo/NCIT_C3364,Disease or Syndrome,"[('http://purl.obolibrary.org/obo/NCIT_C27583', 'Infectious Disorder by Site'), ('http://purl.obolibrary.org/obo/NCIT_C26726', 'Infectious Disorder'), ('http://purl.obolibrary.org/obo/NCIT_C93210', 'Inflammatory Disorder'), ('http://purl.obolibrary.org/obo/NCIT_C53547', 'Non-Neoplastic Disorder by Special Category'), ('http://purl.obolibrary.org/obo/NCIT_C53529', 'Non-Neoplastic Disorder'), ('http://purl.obolibrary.org/obo/NCIT_C2991', 'Disease or Disorder'), ('http://purl.obolibrary.org/obo/NCIT_C7057', 'Disease, Disorder or Finding'), ('http://www.w3.org/2002/07/owl#Thing', '')]","The presence of pathogenic microorganisms in the blood stream causing a rapidly progressing systemic reaction that may lead to shock. Symptoms include fever, chills, tachycardia, and increased respiratory rate. It is a medical emergency that requires urgent medical attention.",10,DISEASE
serum,['serum'],"['15269', '200229', '22312', '22196', '7077', '14091', '7032', '219506', '21876', '13098', '7101', '21878']","['15269', '200229', '22312', '22196', '7077', '14091', '7032', '219506', '21876', '13098', '7101', '21878']","['15269', '200229', '22312', '22196', '7077', '14091', '7032', '219506', '21876', '13098', '7101', '21878']",http://purl.obolibrary.org/obo/NCIT_C13325,Body Substance,"[('http://purl.obolibrary.org/obo/NCIT_C13236', 'Body Fluid or Substance'), ('http://purl.obolibrary.org/obo/NCIT_C12219', 'Anatomic Structure, System, or Substance'), ('http://www.w3.org/2002/07/owl#Thing', '')]",The clear portion of the blood that remains after the removal of the blood cells and the clotting proteins.,12,ORGAN
shock,['shock'],"['200229', '22312', '22196', '7077', '7032', '13098', '7101', '21878']","['200229', '22312', '22196', '7077', '7032', '13098', '7101', '21878']","['200229', '22312', '22196', '7077', '7032', '13098', '7101', '21878']",http://purl.obolibrary.org/obo/NCIT_C35016,Finding,"[('http://purl.obolibrary.org/obo/NCIT_C5044', 'Fluid and Electrolyte Manifestation'), ('http://purl.obolibrary.org/obo/NCIT_C35552', 'Cardiovascular System Finding'), ('http://purl.obolibrary.org/obo/NCIT_C36278', 'Finding by Site or System'), ('http://purl.obolibrary.org/obo/NCIT_C3367', 'Finding'), ('http://purl.obolibrary.org/obo/NCIT_C7057', 'Disease, Disorder or Finding'), ('http://www.w3.org/2002/07/owl#Thing', '')]","A life-threatening condition that requires immediate medical intervention. It is characterized by reduced blood flow that may result in damage of multiple organs. Types of shock include cardiogenic, hemorrhagic, septic, anaphylactic, and traumatic shock.",8,DISEASE
skin,['skin'],"['15269', '22312', '163081', '22196', '7077', '14091', '7032', '21876', '13098', '7101', '21878']","['15269', '22312', '163081', '22196', '7077', '14091', '7032', '21876', '13098', '7101', '21878']","['15269', '22312', '163081', '22196', '7077', '14091', '7032', '21876', '13098', '7101', '21878']",http://purl.obolibrary.org/obo/NCIT_C12470,Anatomical Structure,"[('http://purl.obolibrary.org/obo/NCIT_C13018', 'Organ'), ('http://purl.obolibrary.org/obo/NCIT_C12219', 'Anatomic Structure, System, or Substance'), ('http://www.w3.org/2002/07/owl#Thing', '')]","An organ that constitutes the external surface of the body. It consists of the epidermis, dermis, and skin appendages.",11,ORGAN
stroke,['stroke'],"['200229', '163081', '22196', '7077', '14091', '7032', '219506', '21876', '13098', '7101', '21878']","['200229', '163081', '22196', '7077', '14091', '7032', '219506', '21876', '13098', '7101', '21878']","['200229', '163081', '22196', '7077', '14091', '7032', '219506', '21876', '13098', '7101', '21878']",http://purl.obolibrary.org/obo/NCIT_C3390,Disease or Syndrome,"[('http://purl.obolibrary.org/obo/NCIT_C16843', 'Metallopeptidase'), ('http://purl.obolibrary.org/obo/NCIT_C16965', 'Peptidase'), ('http://purl.obolibrary.org/obo/NCIT_C16701', 'Hydrolase'), ('http://purl.obolibrary.org/obo/NCIT_C16554', 'Enzyme'), ('http://purl.obolibrary.org/obo/NCIT_C20027', 'Protein, Organized by Function'), ('http://purl.obolibrary.org/obo/NCIT_C17021', 'Protein'), ('http://purl.obolibrary.org/obo/NCIT_C26548', 'Gene Product'), ('http://www.w3.org/2002/07/owl#Thing', '')]","Angiotensin-converting enzyme 2 (805 aa, ~92 kDa) is encoded by the human ACE2 gene. This protein plays a role in both vasodilation and protein cleavage.",11,PROTEIN
surface,['surface'],"['15269', '22312', '169284', '22196', '7077', '14091', '7032', '21876', '13098', '21878']","['15269', '22312', '169284', '22196', '7077', '14091', '7032', '21876', '13098', '21878']","['15269', '22312', '169284', '22196', '7077', '14091', '7032', '21876', '13098', '21878']",http://purl.obolibrary.org/obo/NCIT_C25245,Spatial Concept,"[('http://purl.obolibrary.org/obo/NCIT_C73706', 'Spatial Qualifier'), ('http://purl.obolibrary.org/obo/NCIT_C41009', 'Qualifier'), ('http://purl.obolibrary.org/obo/NCIT_C20189', 'Property or Attribute'), ('http://www.w3.org/2002/07/owl#Thing', '')]",The extended two-dimensional outer boundary of a three-dimensional object.,10,CELL_COMPARTMENT
surfactant protein d measurement,"['sp-d', 'sp-d']","['13098', '14091']","['13098', '14091']","['13098', '14091']",http://purl.obolibrary.org/obo/NCIT_C111322,Laboratory Procedure,"[('http://purl.obolibrary.org/obo/NCIT_C64430', 'Protein or Enzyme Type Measurement'), ('http://purl.obolibrary.org/obo/NCIT_C49237', 'Chemistry Test'), ('http://purl.obolibrary.org/obo/NCIT_C74944', 'Clinical Pathology Procedure'), ('http://purl.obolibrary.org/obo/NCIT_C25294', 'Laboratory Procedure'), ('http://purl.obolibrary.org/obo/NCIT_C25218', 'Intervention or Procedure'), ('http://purl.obolibrary.org/obo/NCIT_C16203', 'Clinical or Research Activity'), ('http://purl.obolibrary.org/obo/NCIT_C43431', 'Activity'), ('http://www.w3.org/2002/07/owl#Thing', '')]",The determination of the amount of surfactant protein D present in a sample.,2,PROTEIN
survival,['survival'],"['15269', '22312', '22196', '7077', '14091', '7032', '21876', '13098', '7101', '21878']","['15269', '22312', '22196', '7077', '14091', '7032', '21876', '13098', '7101', '21878']","['15269', '22312', '22196', '7077', '14091', '7032', '21876', '13098', '7101', '21878']",http://purl.obolibrary.org/obo/NCIT_C17177,Conceptual Entity,"[('http://purl.obolibrary.org/obo/NCIT_C53344', 'Population-Based Statistic'), ('http://purl.obolibrary.org/obo/NCIT_C83503', 'Statistic'), ('http://purl.obolibrary.org/obo/NCIT_C25474', 'Data'), ('http://purl.obolibrary.org/obo/NCIT_C48191', 'Information'), ('http://purl.obolibrary.org/obo/NCIT_C20181', 'Conceptual Entity'), ('http://www.w3.org/2002/07/owl#Thing', '')]",Continuance of life or existence especially under adverse conditions; includes methods and philosophy of survival.,10,PATHWAY
thrombosis,['thrombosis'],"['163081', '22196', '7077', '7032', '14091', '13098', '7101', '21878']","['163081', '22196', '7077', '7032', '14091', '13098', '7101', '21878']","['163081', '22196', '7077', '7032', '14091', '13098', '7101', '21878']",http://purl.obolibrary.org/obo/NCIT_C26891,Disease or Syndrome,"[('http://purl.obolibrary.org/obo/NCIT_C35740', 'Non-Neoplastic Vascular Disorder'), ('http://purl.obolibrary.org/obo/NCIT_C27672', 'Non-Neoplastic Cardiovascular Disorder'), ('http://purl.obolibrary.org/obo/NCIT_C53531', 'Non-Neoplastic Disorder by Site'), ('http://purl.obolibrary.org/obo/NCIT_C53529', 'Non-Neoplastic Disorder'), ('http://purl.obolibrary.org/obo/NCIT_C2991', 'Disease or Disorder'), ('http://purl.obolibrary.org/obo/NCIT_C7057', 'Disease, Disorder or Finding'), ('http://www.w3.org/2002/07/owl#Thing', ''), ('http://purl.obolibrary.org/obo/NCIT_C2931', 'Cardiovascular Disorder'), ('http://purl.obolibrary.org/obo/NCIT_C27551', 'Disorder by Site'), ('http://purl.obolibrary.org/obo/NCIT_C35117', 'Vascular Disorder')]",The formation of a blood clot in the lumen of a vessel or heart chamber; causes include coagulation disorders and vascular endothelial injury.,8,DISEASE
tissue,['tissue'],"['15269', '22312', '169284', '22196', '7077', '14091', '7032', '219506', '21876', '13098', '7101', '21878']","['15269', '22312', '169284', '22196', '7077', '14091', '7032', '219506', '21876', '13098', '7101', '21878']","['15269', '22312', '169284', '22196', '7077', '14091', '7032', '219506', '21876', '13098', '7101', '21878']",http://purl.obolibrary.org/obo/NCIT_C12801,Tissue,"[('http://purl.obolibrary.org/obo/NCIT_C12219', 'Anatomic Structure, System, or Substance'), ('http://www.w3.org/2002/07/owl#Thing', '')]","An anatomical structure consisting of similarly specialized cells and intercellular matrix, aggregated according to genetically determined spatial relationships, performing a specific function.",12,ORGAN
urinary,['urinary'],"['22312', '169284', '22196', '7077', '14091', '7032', '21876', '13098', '7101', '21878']","['22312', '169284', '22196', '7077', '14091', '7032', '21876', '13098', '7101', '21878']","['22312', '169284', '22196', '7077', '14091', '7032', '21876', '13098', '7101', '21878']",http://purl.obolibrary.org/obo/NCIT_C25711,Qualitative Concept,"[('http://purl.obolibrary.org/obo/NCIT_C13442', 'Anatomy Qualifier'), ('http://purl.obolibrary.org/obo/NCIT_C41009', 'Qualifier'), ('http://purl.obolibrary.org/obo/NCIT_C20189', 'Property or Attribute'), ('http://www.w3.org/2002/07/owl#Thing', '')]","Urinary; of or relating to urine, of or relating to the urinary system, or of or relating to the function or production or secretion of urine.",10,ORGAN
urine,['urine'],"['15269', '22312', '169284', '22196', '7077', '14091', '7032', '21876', '13098', '7101', '21878']","['15269', '22312', '169284', '22196', '7077', '14091', '7032', '21876', '13098', '7101', '21878']","['15269', '22312', '169284', '22196', '7077', '14091', '7032', '21876', '13098', '7101', '21878']",http://purl.obolibrary.org/obo/NCIT_C13283,Body Substance,"[('http://purl.obolibrary.org/obo/NCIT_C13236', 'Body Fluid or Substance'), ('http://purl.obolibrary.org/obo/NCIT_C12219', 'Anatomic Structure, System, or Substance'), ('http://www.w3.org/2002/07/owl#Thing', '')]",The fluid that is excreted by the kidneys.  It is stored in the bladder and discharged through the urethra.,11,ORGAN
vascular,['vascular'],"['22312', '163081', '22196', '7077', '14091', '7032', '21876', '13098', '7101', '21878']","['22312', '163081', '22196', '7077', '14091', '7032', '21876', '13098', '7101', '21878']","['22312', '163081', '22196', '7077', '14091', '7032', '21876', '13098', '7101', '21878']",http://purl.obolibrary.org/obo/NCIT_C13311,Qualitative Concept,"[('http://purl.obolibrary.org/obo/NCIT_C13442', 'Anatomy Qualifier'), ('http://purl.obolibrary.org/obo/NCIT_C41009', 'Qualifier'), ('http://purl.obolibrary.org/obo/NCIT_C20189', 'Property or Attribute'), ('http://www.w3.org/2002/07/owl#Thing', '')]",Relating to or containing blood vessels.,10,ORGAN
vein,['venous'],"['22312', '208496', '22196', '7077', '14091', '7032', '21876', '13098', '7101', '21878']","['22312', '208496', '22196', '7077', '14091', '7032', '21876', '13098', '7101', '21878']","['22312', '208496', '22196', '7077', '14091', '7032', '21876', '13098', '7101', '21878']",http://purl.obolibrary.org/obo/NCIT_C12814,"Body Part, Organ, or Organ Component","[('http://purl.obolibrary.org/obo/NCIT_C12679', 'Blood Vessel'), ('http://purl.obolibrary.org/obo/NCIT_C25762', 'Cardiovascular System Part'), ('http://purl.obolibrary.org/obo/NCIT_C32221', 'Body Part'), ('http://purl.obolibrary.org/obo/NCIT_C12219', 'Anatomic Structure, System, or Substance'), ('http://www.w3.org/2002/07/owl#Thing', '')]",A blood vessel that carries blood toward the heart.,10,CELL_COMPARTMENT
viral,['viral'],"['22312', '163081', '95642', '22196', '169284', '208496', '7032', '14091', '219506', '21876', '7101', '21878']","['22312', '163081', '95642', '22196', '169284', '208496', '7032', '14091', '219506', '21876', '7101', '21878']","['22312', '163081', '95642', '22196', '169284', '208496', '7032', '14091', '219506', '21876', '7101', '21878']",http://purl.obolibrary.org/obo/NCIT_C27985,Qualitative Concept,"[('http://purl.obolibrary.org/obo/NCIT_C27993', 'General Qualifier'), ('http://purl.obolibrary.org/obo/NCIT_C41009', 'Qualifier'), ('http://purl.obolibrary.org/obo/NCIT_C20189', 'Property or Attribute'), ('http://www.w3.org/2002/07/owl#Thing', '')]",,12,ORGANISM
virus,"['virus', 'viruses']","['200229', '22312', '22196', '95642', '169284', '163081', '7032', '14091', '219506', '7101', '21878']","['200229', '22312', '22196', '95642', '169284', '163081', '7032', '14091', '219506', '7101', '21878']","['200229', '22312', '22196', '95642', '169284', '163081', '7032', '14091', '219506', '7101', '21878']",http://purl.obolibrary.org/obo/NCIT_C14283,Virus,"[('http://purl.obolibrary.org/obo/NCIT_C14250', 'Organism'), ('http://www.w3.org/2002/07/owl#Thing', '')]","An infectious agent which consists of two parts, genetic material and a protein coat. These organisms lack independent metabolism, and they must infect the cells of other types of organisms to reproduce. Most viruses are capable of passing through fine filters that retain bacteria, and are not visible through a light microscope.",11,ORGANISM
water,['water'],"['15269', '22312', '22196', '7077', '14091', '7032', '21876', '13098', '7101', '21878']","['15269', '22312', '22196', '7077', '14091', '7032', '21876', '13098', '7101', '21878']","['15269', '22312', '22196', '7077', '14091', '7032', '21876', '13098', '7101', '21878']",http://purl.obolibrary.org/obo/NCIT_C65147,Inorganic Chemical,"[('http://purl.obolibrary.org/obo/NCIT_C54060', 'Bioactive Food Component'), ('http://purl.obolibrary.org/obo/NCIT_C1930', 'Food Component'), ('http://purl.obolibrary.org/obo/NCIT_C1949', 'Food or Food Product'), ('http://purl.obolibrary.org/obo/NCIT_C1908', 'Drug, Food, Chemical or Biomedical Material'), ('http://www.w3.org/2002/07/owl#Thing', '')]","H2O, a clear, colorless, odorless, tasteless liquid that freezes into ice below 0 degrees centigrade and boils above 100 degrees centigrade.",10,CHEMICAL
